date,price
2018-06-19,46.47
2018-06-20,47.05
2018-06-21,46.76
2018-06-22,46.97
2018-06-25,46.0
2018-06-26,46.07
2018-06-27,45.67
2018-06-28,46.13
2018-06-29,46.07
2018-07-02,46.36
2018-07-03,45.79
2018-07-05,46.49
2018-07-06,47.23
2018-07-09,47.5
2018-07-10,47.48
2018-07-11,47.41
2018-07-12,48.16
2018-07-13,48.08
2018-07-16,47.94
2018-07-17,47.95
2018-07-18,47.81
2018-07-19,47.48
2018-07-20,47.32
2018-07-23,47.51
2018-07-24,47.85
2018-07-25,48.19
2018-07-26,46.38
2018-07-27,45.5
2018-07-30,44.78
2018-07-31,45.08
2018-08-01,44.89
2018-08-02,45.19
2018-08-03,45.5
2018-08-06,45.95
2018-08-07,46.01
2018-08-08,45.97
2018-08-09,46.22
2018-08-10,45.83
2018-08-13,45.77
2018-08-14,46.09
2018-08-15,45.45
2018-08-16,45.43
2018-08-17,45.22
2018-08-20,45.29
2018-08-21,45.57
2018-08-22,45.51
2018-08-23,45.33
2018-08-24,45.99
2018-08-27,46.43
2018-08-28,46.23
2018-08-29,46.49
2018-08-30,46.2
2018-08-31,45.75
2018-09-04,45.18
2018-09-05,44.59
2018-09-06,44.26
2018-09-07,44.35
2018-09-10,44.44
2018-09-11,44.89
2018-09-12,44.76
2018-09-13,45.08
2018-09-14,44.99
2018-09-17,44.56
2018-09-18,44.87
2018-09-19,44.99
2018-09-20,45.49
2018-09-21,45.28
2018-09-24,45.28
2018-09-25,45.3
2018-09-26,45.48
2018-09-27,45.87
2018-09-28,45.7
2018-10-01,45.52
2018-10-02,45.48
2018-10-03,45.68
2018-10-04,45.03
2018-10-05,44.6
2018-10-08,44.45
2018-10-09,44.42
2018-10-10,42.67
2018-10-11,42.31
2018-10-12,43.25
2018-10-15,43.08
2018-10-16,44.22
2018-10-17,44.4
2018-10-18,43.59
2018-10-19,43.58
2018-10-22,43.55
2018-10-23,43.45
2018-10-24,41.38
2018-10-25,42.76
2018-10-26,41.6
2018-10-29,40.96
2018-10-30,42.07
2018-10-31,42.94
2018-11-01,43.19
2018-11-02,42.76
2018-11-05,42.58
2018-11-06,42.83
2018-11-07,43.61
2018-11-08,43.2
2018-11-09,42.32
2018-11-12,41.68
2018-11-13,41.55
2018-11-14,41.76
2018-11-15,42.06
2018-11-16,41.86
2018-11-19,40.59
2018-11-20,40.06
2018-11-21,40.54
2018-11-23,40.0
2018-11-26,40.92
2018-11-27,41.05
2018-11-28,41.91
2018-11-29,42.05
2018-11-30,41.98
2018-12-03,42.05
2018-12-04,40.81
2018-12-06,41.26
2018-12-07,40.48
2018-12-10,40.79
2018-12-11,40.82
2018-12-12,41.26
2018-12-13,41.08
2018-12-14,40.68
2018-12-17,39.88
2018-12-18,40.06
2018-12-19,39.2
2018-12-20,38.51
2018-12-21,37.25
2018-12-24,36.47
2018-12-26,38.52
2018-12-27,38.69
2018-12-28,38.57
2018-12-31,38.63
2019-01-02,39.14
2019-01-03,38.49
2019-01-04,40.14
2019-01-07,40.6
2019-01-08,41.28
2019-01-09,41.34
2019-01-10,41.43
2019-01-11,41.22
2019-01-14,41.07
2019-01-15,41.75
2019-01-16,41.58
2019-01-17,41.74
2019-01-18,42.08
2019-01-22,41.21
2019-01-23,41.02
2019-01-24,41.21
2019-01-25,41.73
2019-01-28,41.37
2019-01-29,40.88
2019-01-30,41.47
2019-01-31,43.17
2019-02-01,43.02
2019-02-04,43.42
2019-02-05,43.9
2019-02-06,42.91
2019-02-07,42.5
2019-02-08,42.79
2019-02-11,42.35
2019-02-12,42.84
2019-02-13,42.87
2019-02-14,43.03
2019-02-15,43.21
2019-02-19,43.26
2019-02-20,43.11
2019-02-21,42.71
2019-02-22,43.11
2019-02-25,43.16
2019-02-26,43.16
2019-02-27,42.94
2019-02-28,42.97
2019-03-01,43.31
2019-03-04,43.36
2019-03-05,43.63
2019-03-06,43.61
2019-03-07,43.23
2019-03-08,43.2
2019-03-11,43.98
2019-03-12,44.18
2019-03-13,44.31
2019-03-14,44.11
2019-03-15,44.08
2019-03-18,43.7
2019-03-19,43.78
2019-03-20,44.17
2019-03-21,44.75
2019-03-22,44.03
2019-03-25,43.95
2019-03-26,44.17
2019-03-27,43.85
2019-03-28,43.75
2019-03-29,43.84
2019-04-01,44.51
2019-04-02,44.74
2019-04-03,44.91
2019-04-04,45.16
2019-04-05,45.29
2019-04-08,45.21
2019-04-09,45.33
2019-04-10,45.53
2019-04-11,45.56
2019-04-12,45.95
2019-04-15,45.91
2019-04-16,45.96
2019-04-17,46.04
2019-04-18,46.07
2019-04-22,46.28
2019-04-23,46.9
2019-04-24,46.68
2019-04-25,47.21
2019-04-26,47.58
2019-04-29,48.01
2019-04-30,46.94
2019-05-01,46.69
2019-05-02,46.5
2019-05-03,46.95
2019-05-06,46.88
2019-05-07,46.12
2019-05-08,46.04
2019-05-09,45.9
2019-05-10,46.04
2019-05-13,44.61
2019-05-14,44.86
2019-05-15,45.87
2019-05-16,46.27
2019-05-17,45.93
2019-05-20,45.17
2019-05-21,45.67
2019-05-22,45.62
2019-05-23,44.99
2019-05-24,44.98
2019-05-28,45.17
2019-05-29,44.73
2019-05-30,44.84
2019-05-31,44.14
2019-06-03,42.75
2019-06-04,43.67
2019-06-05,43.69
2019-06-06,43.88
2019-06-07,44.59
2019-06-10,44.55
2019-06-11,44.74
2019-06-12,44.53
2019-06-13,45.02
2019-06-14,45.11
2019-06-17,45.62
2019-06-18,45.88
2019-06-19,45.93
2019-06-20,46.22
2019-06-21,46.42
2019-06-24,46.53
2019-06-25,45.67
2019-06-26,45.49
2019-06-27,45.81
2019-06-28,46.25
2019-07-01,46.62
2019-07-02,47.06
2019-07-03,47.3
2019-07-05,47.37
2019-07-08,46.94
2019-07-09,47.24
2019-07-10,47.77
2019-07-11,47.8
2019-07-12,48.15
2019-07-15,48.16
2019-07-16,48.04
2019-07-17,47.59
2019-07-18,47.21
2019-07-19,46.6
2019-07-22,46.78
2019-07-23,46.95
2019-07-24,47.37
2019-07-25,47.25
2019-07-26,48.6
2019-07-29,48.33
2019-07-30,48.1
2019-07-31,47.71
2019-08-01,47.49
2019-08-02,47.03
2019-08-05,45.51
2019-08-06,46.16
2019-08-07,46.22
2019-08-08,47.15
2019-08-09,46.62
2019-08-12,46.13
2019-08-13,46.8
2019-08-14,45.14
2019-08-15,45.22
2019-08-16,45.8
2019-08-19,46.51
2019-08-20,46.2
2019-08-21,46.38
2019-08-22,46.28
2019-08-23,45.01
2019-08-26,45.69
2019-08-27,45.77
2019-08-28,45.88
2019-08-29,46.6
2019-08-30,46.54
2019-09-03,46.08
2019-09-04,46.97
2019-09-05,47.77
2019-09-06,47.67
2019-09-09,47.82
2019-09-10,47.88
2019-09-11,48.14
2019-09-12,48.28
2019-09-13,48.19
2019-09-16,48.02
2019-09-17,48.06
2019-09-18,48.01
2019-09-19,48.05
2019-09-20,47.74
2019-09-23,47.57
2019-09-24,46.86
2019-09-25,47.39
2019-09-26,46.93
2019-09-27,46.4
2019-09-30,46.64
2019-10-01,46.17
2019-10-02,45.47
2019-10-03,45.91
2019-10-04,46.54
2019-10-07,46.54
2019-10-08,45.78
2019-10-09,46.06
2019-10-10,46.32
2019-10-11,46.87
2019-10-14,46.76
2019-10-15,47.56
2019-10-16,47.65
2019-10-17,47.93
2019-10-18,47.37
2019-10-21,47.66
2019-10-22,47.2
2019-10-23,47.56
2019-10-24,47.03
2019-10-25,47.39
2019-10-28,47.84
2019-10-29,47.4
2019-10-30,47.53
2019-10-31,47.68
2019-11-01,47.99
2019-11-04,48.25
2019-11-05,48.27
2019-11-06,48.1
2019-11-07,48.4
2019-11-08,48.53
2019-11-11,48.31
2019-11-12,48.36
2019-11-13,48.34
2019-11-14,48.56
2019-11-15,48.97
2019-11-18,49.14
2019-11-19,49.16
2019-11-20,48.86
2019-11-21,48.99
2019-11-22,49.01
2019-11-25,49.16
2019-11-26,49.32
2019-11-27,49.67
2019-11-29,49.5
2019-12-02,49.03
2019-12-03,48.94
2019-12-04,49.19
2019-12-05,49.4
2019-12-06,49.69
2019-12-09,49.5
2019-12-10,49.33
2019-12-11,49.56
2019-12-12,49.62
2019-12-13,49.5
2019-12-16,49.99
2019-12-17,49.95
2019-12-18,50.28
2019-12-19,50.75
2019-12-20,50.9
2019-12-23,50.77
2019-12-24,50.76
2019-12-26,51.15
2019-12-27,51.05
2019-12-30,50.53
2019-12-31,50.62
2020-01-02,51.22
2020-01-03,50.88
2020-01-06,51.56
2020-01-07,51.63
2020-01-08,52.0
2020-01-09,52.27
2020-01-10,52.06
2020-01-13,52.56
2020-01-14,52.42
2020-01-15,52.68
2020-01-16,53.08
2020-01-17,53.5
2020-01-21,53.45
2020-01-22,53.42
2020-01-23,53.21
2020-01-24,52.56
2020-01-27,51.74
2020-01-28,52.34
2020-01-29,52.25
2020-01-30,51.72
2020-01-31,50.88
2020-02-03,51.49
2020-02-04,52.03
2020-02-05,52.11
2020-02-06,52.76
2020-02-07,52.73
2020-02-10,53.04
2020-02-11,52.98
2020-02-12,53.67
2020-02-13,53.68
2020-02-14,53.74
2020-02-18,54.1
2020-02-19,54.35
2020-02-20,53.79
2020-02-21,52.97
2020-02-24,51.2
2020-02-25,49.83
2020-02-26,49.73
2020-02-27,47.77
2020-02-28,47.91
2020-03-02,49.57
2020-03-03,47.94
2020-03-04,49.67
2020-03-05,47.85
2020-03-06,47.02
2020-03-09,43.89
2020-03-10,46.13
2020-03-11,44.15
2020-03-12,40.0
2020-03-13,43.6
2020-03-16,38.68
2020-03-17,40.36
2020-03-18,39.02
2020-03-19,39.72
2020-03-20,37.96
2020-03-23,38.16
2020-03-24,40.51
2020-03-25,39.89
2020-03-26,42.16
2020-03-27,40.47
2020-03-30,41.95
2020-03-31,41.87
2020-04-01,40.21
2020-04-02,40.72
2020-04-03,39.9
2020-04-06,42.53
2020-04-07,42.84
2020-04-08,43.76
2020-04-09,44.08
2020-04-13,44.15
2020-04-14,45.45
2020-04-15,45.03
2020-04-16,45.21
2020-04-17,45.82
2020-04-20,45.41
2020-04-21,43.98
2020-04-22,45.16
2020-04-23,45.48
2020-04-24,46.06
2020-04-27,46.44
2020-04-28,45.59
2020-04-29,47.8
2020-04-30,47.59
2020-05-01,46.93
2020-05-04,47.2
2020-05-05,47.45
2020-05-06,47.32
2020-05-07,48.21
2020-05-08,49.09
2020-05-11,49.12
2020-05-12,48.16
2020-05-13,47.34
2020-05-14,47.85
2020-05-15,48.51
2020-05-18,49.53
2020-05-19,49.52
2020-05-20,50.9
2020-05-21,50.54
2020-05-22,50.84
2020-05-26,50.98
2020-05-27,51.34
2020-05-28,50.86
2020-05-29,51.13
2020-06-01,51.72
2020-06-02,51.93
2020-06-03,52.09
2020-06-04,51.7
2020-06-05,52.54
2020-06-08,53.53
2020-06-09,53.39
2020-06-10,53.23
2020-06-11,50.78
2020-06-12,51.23
2020-06-15,52.05
2020-06-16,52.48
2020-06-17,52.54
2020-06-18,52.71
2020-06-19,52.57
2020-06-22,52.69
2020-06-23,53.03
2020-06-24,51.83
2020-06-25,52.06
2020-06-26,49.77
2020-06-29,50.69
2020-06-30,51.25
2020-07-01,52.53
2020-07-02,52.35
2020-07-06,53.41
2020-07-07,53.26
2020-07-08,53.73
2020-07-09,53.8
2020-07-10,54.73
2020-07-13,53.63
2020-07-14,54.16
2020-07-15,54.48
2020-07-16,54.57
2020-07-17,54.45
2020-07-20,55.11
2020-07-21,54.84
2020-07-22,54.9
2020-07-23,54.0
2020-07-24,53.92
2020-07-27,54.29
2020-07-28,53.73
2020-07-29,54.22
2020-07-30,54.37
2020-07-31,55.13
2020-08-03,55.18
2020-08-04,55.53
2020-08-05,55.45
2020-08-06,56.91
2020-08-07,56.84
2020-08-10,56.65
2020-08-11,55.81
2020-08-12,56.47
2020-08-13,56.76
2020-08-14,56.75
2020-08-17,56.81
2020-08-18,57.32
2020-08-19,57.16
2020-08-20,57.87
2020-08-21,57.62
2020-08-24,58.32
2020-08-25,58.87
2020-08-26,60.88
2020-08-27,60.14
2020-08-28,60.28
2020-08-31,60.0
2020-09-01,60.49
2020-09-02,61.78
2020-09-03,59.69
2020-09-04,58.6
2020-09-08,57.05
2020-09-09,57.73
2020-09-10,56.88
2020-09-11,56.7
2020-09-14,56.92
2020-09-15,57.93
2020-09-16,57.31
2020-09-17,56.25
2020-09-18,55.71
2020-09-21,55.06
2020-09-22,56.12
2020-09-23,54.78
2020-09-24,54.89
2020-09-25,55.62
2020-09-28,56.36
2020-09-29,56.42
2020-09-30,56.46
2020-10-01,57.27
2020-10-02,56.13
2020-10-05,57.06
2020-10-06,55.86
2020-10-07,56.27
2020-10-08,57.0
2020-10-09,57.34
2020-10-12,58.85
2020-10-13,58.91
2020-10-14,58.21
2020-10-15,57.76
2020-10-16,57.77
2020-10-19,56.73
2020-10-20,57.14
2020-10-21,58.1
2020-10-22,58.48
2020-10-23,59.03
2020-10-26,57.74
2020-10-27,58.11
2020-10-28,55.83
2020-10-29,57.24
2020-10-30,56.27
2020-11-02,56.24
2020-11-03,57.08
2020-11-04,59.54
2020-11-05,60.69
2020-11-06,60.54
2020-11-09,60.03
2020-11-10,59.84
2020-11-11,60.38
2020-11-12,60.04
2020-11-13,60.93
2020-11-16,61.32
2020-11-17,61.11
2020-11-18,60.49
2020-11-19,60.86
2020-11-20,60.72
2020-11-23,60.74
2020-11-24,61.99
2020-11-25,61.98
2020-11-27,62.38
2020-11-30,62.16
2020-12-01,63.3
2020-12-02,63.89
2020-12-03,63.6
2020-12-04,63.66
2020-12-07,64.06
2020-12-08,63.97
2020-12-09,63.21
2020-12-10,63.24
2020-12-11,63.62
2020-12-14,63.42
2020-12-15,63.95
2020-12-16,63.89
2020-12-17,63.73
2020-12-18,63.79
2020-12-21,63.24
2020-12-22,62.65
2020-12-23,63.01
2020-12-24,63.08
2020-12-28,64.21
2020-12-29,64.15
2020-12-30,63.73
2020-12-31,64.24
2021-01-04,63.29
2021-01-05,63.52
2021-01-06,63.21
2021-01-07,64.05
2021-01-08,64.25
2021-01-11,63.11
2021-01-12,62.09
2021-01-13,62.31
2021-01-14,61.95
2021-01-15,62.15
2021-01-19,63.28
2021-01-20,65.27
2021-01-21,65.51
2021-01-22,65.53
2021-01-25,65.91
2021-01-26,66.81
2021-01-27,64.65
2021-01-28,64.88
2021-01-29,63.67
2021-02-01,64.86
2021-02-02,65.85
2021-02-03,66.73
2021-02-04,67.13
2021-02-05,67.98
2021-02-08,68.25
2021-02-09,68.48
2021-02-10,69.12
2021-02-11,69.2
2021-02-12,69.49
2021-02-16,69.83
2021-02-17,70.03
2021-02-18,69.68
2021-02-19,69.0
2021-02-22,68.72
2021-02-23,69.26
2021-02-24,69.38
2021-02-25,67.87
2021-02-26,68.13
2021-03-01,69.88
2021-03-02,69.36
2021-03-03,68.37
2021-03-04,68.25
2021-03-05,69.85
2021-03-08,68.91
2021-03-09,69.68
2021-03-10,69.98
2021-03-11,71.3
2021-03-12,71.1
2021-03-15,71.61
2021-03-16,72.36
2021-03-17,72.37
2021-03-18,71.17
2021-03-19,71.79
2021-03-22,72.39
2021-03-23,71.86
2021-03-24,70.05
2021-03-25,69.7
2021-03-26,68.94
2021-03-29,69.65
2021-03-30,69.65
2021-03-31,69.92
2021-04-01,71.12
2021-04-05,72.62
2021-04-06,72.8
2021-04-07,73.37
2021-04-08,73.37
2021-04-09,73.36
2021-04-12,73.06
2021-04-13,73.16
2021-04-14,72.4
2021-04-15,73.33
2021-04-16,73.28
2021-04-19,72.87
2021-04-20,72.48
2021-04-21,72.6
2021-04-22,72.07
2021-04-23,72.91
2021-04-26,73.06
2021-04-27,72.76
2021-04-28,73.43
2021-04-29,75.46
2021-04-30,74.43
2021-05-03,74.04
2021-05-04,73.37
2021-05-05,73.23
2021-05-06,74.09
2021-05-07,74.65
2021-05-10,73.22
2021-05-11,73.01
2021-05-12,71.58
2021-05-13,72.1
2021-05-14,73.52
2021-05-17,72.94
2021-05-18,72.19
2021-05-19,72.31
2021-05-20,73.55
2021-05-21,73.3
2021-05-24,74.63
2021-05-25,74.61
2021-05-26,75.1
2021-05-27,75.39
2021-05-28,75.14
2021-06-01,75.19
2021-06-02,74.96
2021-06-03,74.45
2021-06-04,75.52
2021-06-07,75.91
2021-06-08,75.69
2021-06-09,75.62
2021-06-10,76.03
2021-06-11,76.11
2021-06-14,76.62
2021-06-15,76.18
2021-06-16,75.51
2021-06-17,75.83
2021-06-18,74.94
2021-06-21,75.67
2021-06-22,76.32
2021-06-23,76.24
2021-06-24,76.96
2021-06-25,77.05
2021-06-28,77.92
2021-06-29,77.5
2021-06-30,77.36
2021-07-01,77.93
2021-07-02,78.47
2021-07-06,78.28
2021-07-07,78.17
2021-07-08,77.31
2021-07-09,78.0
2021-07-12,78.55
2021-07-13,78.35
2021-07-14,78.29
2021-07-15,77.74
2021-07-16,77.25
2021-07-19,76.08
2021-07-20,76.94
2021-07-21,77.58
2021-07-22,77.84
2021-07-23,79.77
2021-07-26,80.18
2021-07-27,79.23
2021-07-28,79.85
2021-07-29,78.99
2021-07-30,78.72
2021-08-02,78.54
2021-08-03,78.19
2021-08-04,78.41
2021-08-05,79.12
2021-08-06,79.12
2021-08-09,78.98
2021-08-10,79.13
2021-08-11,79.29
2021-08-12,79.43
2021-08-13,79.48
2021-08-16,79.61
2021-08-17,78.95
2021-08-18,78.35
2021-08-19,78.36
2021-08-20,79.04
2021-08-23,79.99
2021-08-24,80.25
2021-08-25,80.38
2021-08-26,79.68
2021-08-27,80.94
2021-08-30,81.49
2021-08-31,81.8
2021-09-01,82.21
2021-09-02,81.66
2021-09-03,81.66
2021-09-07,81.85
2021-09-08,81.43
2021-09-09,81.03
2021-09-10,80.5
2021-09-13,80.7
2021-09-14,80.0
2021-09-15,80.39
2021-09-16,80.32
2021-09-17,79.43
2021-09-20,77.83
2021-09-21,77.51
2021-09-22,77.47
2021-09-23,78.26
2021-09-24,78.91
2021-09-27,78.9
2021-09-28,76.97
2021-09-29,76.91
2021-09-30,76.67
2021-10-01,77.96
2021-10-04,76.27
2021-10-05,77.41
2021-10-06,77.55
2021-10-07,77.88
2021-10-08,77.5
2021-10-11,76.33
2021-10-12,75.62
2021-10-13,75.98
2021-10-14,77.05
2021-10-15,76.87
2021-10-18,77.46
2021-10-19,78.21
2021-10-20,78.36
2021-10-21,78.59
2021-10-22,76.92
2021-10-25,77.26
2021-10-26,76.57
2021-10-27,76.36
2021-10-28,76.61
2021-10-29,76.85
2021-11-01,76.97
2021-11-02,76.98
2021-11-03,77.26
2021-11-04,77.57
2021-11-05,78.19
2021-11-08,77.84
2021-11-09,77.65
2021-11-10,76.77
2021-11-11,76.62
2021-11-12,77.74
2021-11-15,77.96
2021-11-16,77.37
2021-11-17,77.08
2021-11-18,76.52
2021-11-19,76.26
2021-11-22,75.34
2021-11-23,75.13
2021-11-24,75.24
2021-11-26,73.86
2021-11-29,74.49
2021-11-30,72.13
2021-12-01,70.46
2021-12-02,71.65
2021-12-03,71.49
2021-12-06,72.67
2021-12-07,73.41
2021-12-08,73.95
2021-12-09,73.36
2021-12-10,73.4
2021-12-13,73.02
2021-12-14,72.83
2021-12-15,73.59
2021-12-16,73.49
2021-12-17,73.19
2021-12-20,72.68
2021-12-21,74.06
2021-12-22,74.24
2021-12-23,74.91
2021-12-27,75.63
2021-12-28,75.6
2021-12-29,75.22
2021-12-30,75.54
2021-12-31,74.49
2022-01-03,75.01
2022-01-04,74.85
2022-01-05,72.97
2022-01-06,73.29
2022-01-07,73.3
2022-01-10,72.84
2022-01-11,73.75
2022-01-12,73.85
2022-01-13,73.08
2022-01-14,73.42
2022-01-18,72.53
2022-01-19,72.4
2022-01-20,71.68
2022-01-21,69.26
2022-01-24,69.77
2022-01-25,68.34
2022-01-26,67.34
2022-01-27,67.42
2022-01-28,69.34
2022-01-31,70.92
2022-02-01,71.53
2022-02-02,72.96
2022-02-03,68.08
2022-02-04,68.25
2022-02-07,67.06
2022-02-08,67.03
2022-02-09,68.92
2022-02-10,67.93
2022-02-11,66.47
2022-02-14,66.48
2022-02-15,67.41
2022-02-16,66.94
2022-02-17,65.15
2022-02-18,64.64
2022-02-22,63.98
2022-02-23,62.91
2022-02-24,64.67
2022-02-25,65.72
2022-02-28,65.64
2022-03-01,64.82
2022-03-02,65.37
2022-03-03,64.69
2022-03-04,63.76
2022-03-07,61.64
2022-03-08,61.49
2022-03-09,63.33
2022-03-10,62.86
2022-03-11,61.73
2022-03-14,61.01
2022-03-15,62.18
2022-03-16,63.9
2022-03-17,64.59
2022-03-18,65.43
2022-03-21,64.82
2022-03-22,66.03
2022-03-23,65.13
2022-03-24,66.19
2022-03-25,66.51
2022-03-28,66.72
2022-03-29,67.89
2022-03-30,67.4
2022-03-31,66.13
2022-04-01,66.62
2022-04-04,68.45
2022-04-05,67.58
2022-04-06,66.32
2022-04-07,65.74
2022-04-08,65.45
2022-04-11,64.61
2022-04-12,64.08
2022-04-13,65.02
2022-04-14,63.91
2022-04-18,63.7
2022-04-19,64.97
2022-04-20,62.16
2022-04-21,60.39
2022-04-22,58.95
2022-04-25,59.76
2022-04-26,57.8
2022-04-27,56.51
2022-04-28,58.77
2022-04-29,56.78
2022-05-02,58.35
2022-05-03,58.5
2022-05-04,60.51
2022-05-05,58.28
2022-05-06,57.08
2022-05-09,55.6
2022-05-10,55.85
2022-05-11,54.84
2022-05-12,55.44
2022-05-13,56.73
2022-05-16,56.37
2022-05-17,57.6
2022-05-18,55.71
2022-05-19,55.64
2022-05-20,55.78
2022-05-23,56.62
2022-05-24,54.61
2022-05-25,55.34
2022-05-26,56.69
2022-05-27,57.9
2022-05-31,57.86
2022-06-01,57.19
2022-06-02,58.59
2022-06-03,57.32
2022-06-06,57.61
2022-06-07,58.02
2022-06-08,57.87
2022-06-09,56.09
2022-06-10,54.52
2022-06-13,51.95
2022-06-14,51.8
2022-06-15,52.96
2022-06-16,51.03
2022-06-17,51.76
2022-06-21,52.13
2022-06-22,52.22
2022-06-23,52.86
2022-06-24,54.88
2022-06-27,54.36
2022-06-28,52.77
2022-06-29,52.94
2022-06-30,52.3
2022-07-01,52.83
2022-07-05,54.06
2022-07-06,54.07
2022-07-07,54.91
2022-07-08,54.65
2022-07-11,53.0
2022-07-12,52.97
2022-07-13,52.73
2022-07-14,52.06
2022-07-15,53.4
2022-07-18,53.13
2022-07-19,55.02
2022-07-20,55.93
2022-07-21,55.9
2022-07-22,53.96
2022-07-25,53.78
2022-07-26,52.7
2022-07-27,54.92
2022-07-28,54.3
2022-07-29,54.33
2022-08-01,54.25
2022-08-02,54.16
2022-08-03,55.46
2022-08-04,55.7
2022-08-05,55.02
2022-08-08,55.34
2022-08-09,54.8
2022-08-10,56.34
2022-08-11,56.4
2022-08-12,57.4
2022-08-15,57.6
2022-08-16,57.72
2022-08-17,56.6
2022-08-18,56.51
2022-08-19,55.6
2022-08-22,54.01
2022-08-23,53.55
2022-08-24,53.86
2022-08-25,54.91
2022-08-26,53.16
2022-08-29,52.75
2022-08-30,52.28
2022-08-31,52.41
2022-09-01,52.89
2022-09-02,51.89
2022-09-06,51.24
2022-09-07,52.27
2022-09-08,52.15
2022-09-09,53.6
2022-09-12,53.88
2022-09-13,50.92
2022-09-14,51.01
2022-09-15,50.79
2022-09-16,50.25
2022-09-19,50.54
2022-09-20,49.76
2022-09-21,48.54
2022-09-22,48.37
2022-09-23,47.43
2022-09-26,46.66
2022-09-27,46.41
2022-09-28,47.99
2022-09-29,46.82
2022-09-30,46.25
2022-10-03,47.55
2022-10-04,49.0
2022-10-05,48.63
2022-10-06,48.37
2022-10-07,47.06
2022-10-10,46.94
2022-10-11,46.06
2022-10-12,46.0
2022-10-13,47.11
2022-10-14,46.34
2022-10-17,47.61
2022-10-18,47.97
2022-10-19,48.01
2022-10-20,48.12
2022-10-21,48.43
2022-10-24,48.77
2022-10-25,50.07
2022-10-26,48.48
2022-10-27,46.18
2022-10-28,47.35
2022-10-31,46.56
2022-11-01,46.26
2022-11-02,44.96
2022-11-03,43.86
2022-11-04,44.16
2022-11-07,44.95
2022-11-08,45.0
2022-11-09,44.39
2022-11-10,47.07
2022-11-11,48.31
2022-11-14,48.12
2022-11-15,48.83
2022-11-16,48.35
2022-11-17,47.98
2022-11-18,47.84
2022-11-21,47.44
2022-11-22,48.14
2022-11-23,48.75
2022-11-25,48.48
2022-11-28,47.71
2022-11-29,47.73
2022-11-30,49.75
2022-12-01,50.04
2022-12-02,50.16
2022-12-05,49.37
2022-12-06,47.95
2022-12-07,47.71
2022-12-08,47.61
2022-12-09,47.75
2022-12-12,48.12
2022-12-13,48.94
2022-12-14,48.3
2022-12-15,46.42
2022-12-16,46.41
2022-12-19,45.32
2022-12-20,45.63
2022-12-21,46.23
2022-12-22,45.83
2022-12-23,46.28
2022-12-27,45.86
2022-12-28,45.19
2022-12-29,46.44
2022-12-30,46.46
2023-01-03,47.06
2023-01-04,47.94
2023-01-05,48.01
2023-01-06,48.8
2023-01-09,48.87
2023-01-10,49.61
2023-01-11,49.97
2023-01-12,50.52
2023-01-13,50.68
2023-01-17,50.21
2023-01-18,49.6
2023-01-19,49.85
2023-01-20,51.41
2023-01-23,52.31
2023-01-24,52.16
2023-01-25,52.35
2023-01-26,53.16
2023-01-27,53.53
2023-01-30,52.69
2023-01-31,53.33
2023-02-01,53.96
2023-02-02,57.5
2023-02-03,56.35
2023-02-06,55.67
2023-02-07,56.7
2023-02-08,54.92
2023-02-09,53.72
2023-02-10,53.21
2023-02-13,53.97
2023-02-14,53.98
2023-02-15,54.48
2023-02-16,53.65
2023-02-17,53.59
2023-02-21,52.41
2023-02-22,52.51
2023-02-23,52.27
2023-02-24,51.54
2023-02-27,51.71
2023-02-28,51.8
2023-03-01,51.4
2023-03-02,51.88
2023-03-03,53.02
2023-03-06,53.02
2023-03-07,52.47
2023-03-08,52.5
2023-03-09,51.32
2023-03-10,50.6
2023-03-13,50.6
2023-03-14,52.03
2023-03-15,52.59
2023-03-16,53.77
2023-03-17,53.26
2023-03-20,53.66
2023-03-21,54.8
2023-03-22,53.84
2023-03-23,54.71
2023-03-24,55.0
2023-03-27,54.69
2023-03-28,54.24
2023-03-29,54.96
2023-03-30,55.22
2023-03-31,56.28
2023-04-03,56.51
2023-04-04,56.69
2023-04-05,56.5
2023-04-06,57.21
2023-04-10,57.08
2023-04-11,56.94
2023-04-12,56.35
2023-04-13,57.52
2023-04-14,57.5
2023-04-17,57.17
2023-04-18,56.88
2023-04-19,56.45
2023-04-20,55.87
2023-04-21,56.01
2023-04-24,55.95
2023-04-25,55.07
2023-04-26,54.49
2023-04-27,57.66
2023-04-28,58.15
2023-05-01,58.14
2023-05-02,57.06
2023-05-03,56.84
2023-05-04,55.93
2023-05-05,56.63
2023-05-08,57.2
2023-05-09,56.84
2023-05-10,57.35
2023-05-11,57.92
2023-05-12,57.97
2023-05-15,58.24
2023-05-16,58.17
2023-05-17,58.88
2023-05-18,59.94
2023-05-19,59.62
2023-05-22,60.16
2023-05-23,59.41
2023-05-24,59.14
2023-05-25,59.14
2023-05-26,60.35
2023-05-30,60.44
2023-05-31,60.42
2023-06-01,61.24
2023-06-02,61.32
2023-06-05,61.47
2023-06-06,61.72
2023-06-07,61.03
2023-06-08,61.35
2023-06-09,61.36
2023-06-12,62.09
2023-06-13,62.3
2023-06-14,62.4
2023-06-15,63.39
2023-06-16,62.87
2023-06-20,62.56
2023-06-21,61.94
2023-06-22,62.43
2023-06-23,62.29
2023-06-26,61.67
2023-06-27,62.71
2023-06-28,62.99
2023-06-29,62.65
2023-06-30,63.28
2023-07-03,63.5
2023-07-05,63.98
2023-07-06,63.48
2023-07-07,63.25
2023-07-10,63.09
2023-07-11,64.19
2023-07-12,64.96
2023-07-13,65.92
2023-07-14,65.3
2023-07-17,65.06
2023-07-18,65.51
2023-07-19,65.69
2023-07-20,64.39
2023-07-21,63.75
2023-07-24,63.87
2023-07-25,64.07
2023-07-26,65.07
2023-07-27,65.62
2023-07-28,66.91
2023-07-31,66.89
2023-08-01,66.8
2023-08-02,65.55
2023-08-03,65.38
2023-08-04,65.24
2023-08-07,66.25
2023-08-08,66.06
2023-08-09,65.35
2023-08-10,65.58
2023-08-11,65.27
2023-08-14,65.74
2023-08-15,65.16
2023-08-16,64.38
2023-08-17,63.64
2023-08-18,63.26
2023-08-21,63.72
2023-08-22,63.72
2023-08-23,64.75
2023-08-24,63.51
2023-08-25,63.57
2023-08-28,64.35
2023-08-29,65.78
2023-08-30,65.79
2023-08-31,65.86
2023-09-01,65.25
2023-09-05,65.24
2023-09-06,65.03
2023-09-07,64.92
2023-09-08,65.11
2023-09-11,66.09
2023-09-12,65.4
2023-09-13,65.62
2023-09-14,66.53
2023-09-15,65.65
2023-09-18,65.69
2023-09-19,65.74
2023-09-20,64.84
2023-09-21,64.04
2023-09-22,63.97
2023-09-25,64.12
2023-09-26,63.41
2023-09-27,63.58
2023-09-28,64.28
2023-09-29,63.92
2023-10-02,64.4
2023-10-03,63.53
2023-10-04,64.13
2023-10-05,64.04
2023-10-06,65.22
2023-10-09,65.93
2023-10-10,66.31
2023-10-11,66.91
2023-10-12,66.12
2023-10-13,65.38
2023-10-16,66.43
2023-10-17,66.67
2023-10-18,65.52
2023-10-19,65.45
2023-10-20,64.84
2023-10-23,65.19
2023-10-24,65.96
2023-10-25,63.1
2023-10-26,61.72
2023-10-27,61.5
2023-10-30,62.77
2023-10-31,63.09
2023-11-01,64.02
2023-11-02,64.86
2023-11-03,65.86
2023-11-06,65.68
2023-11-07,66.03
2023-11-08,65.72
2023-11-09,65.7
2023-11-10,66.75
2023-11-13,66.6
2023-11-14,67.68
2023-11-15,68.01
2023-11-16,68.31
2023-11-17,68.3
2023-11-20,69.07
2023-11-21,68.84
2023-11-22,69.41
2023-11-24,69.17
2023-11-27,68.74
2023-11-28,68.91
2023-11-29,68.41
2023-11-30,68.01
2023-12-01,68.15
2023-12-04,67.47
2023-12-05,67.15
2023-12-06,66.98
2023-12-07,68.38
2023-12-08,68.7
2023-12-11,68.18
2023-12-12,68.46
2023-12-13,69.1
2023-12-14,69.41
2023-12-15,69.23
2023-12-18,70.08
2023-12-19,70.8
2023-12-20,70.25
2023-12-21,70.94
2023-12-22,70.95
2023-12-26,71.23
2023-12-27,71.24
2023-12-28,71.43
2023-12-29,71.0
2024-01-02,70.6
2024-01-03,70.34
2024-01-04,70.1
2024-01-05,70.4
2024-01-08,71.49
2024-01-09,71.35
2024-01-10,72.01
2024-01-11,71.78
2024-01-12,72.13
2024-01-16,71.72
2024-01-17,71.28
2024-01-18,72.15
2024-01-19,73.12
2024-01-22,73.27
2024-01-23,73.99
2024-01-24,74.45
2024-01-25,75.66
2024-01-26,75.91
2024-01-29,76.54
2024-01-30,76.03
2024-01-31,74.15
2024-02-01,74.91
2024-02-02,77.92
2024-02-05,76.83
2024-02-06,76.59
2024-02-07,76.98
2024-02-08,77.28
2024-02-09,77.36
2024-02-12,77.61
2024-02-13,76.51
2024-02-14,77.74
2024-02-15,78.37
2024-02-16,77.15
2024-02-20,77.03
2024-02-21,76.94
2024-02-22,78.1
2024-02-23,77.9
2024-02-26,76.77
2024-02-27,77.39
2024-02-28,76.87
2024-02-29,77.55
2024-03-01,78.2
2024-03-04,77.17
2024-03-05,76.54
2024-03-06,76.65
2024-03-07,77.89
2024-03-08,77.78
2024-03-11,77.63
2024-03-12,78.31
2024-03-13,78.45
2024-03-14,78.26
2024-03-15,77.48
2024-03-18,79.07
2024-03-19,79.04
2024-03-20,79.97
2024-03-21,80.0
2024-03-22,80.17
2024-03-25,79.9
2024-03-26,79.73
2024-03-27,80.14
2024-03-28,80.01
2024-04-01,80.63
2024-04-02,80.5
2024-04-03,81.14
2024-04-04,80.04
2024-04-05,80.86
2024-04-08,80.87
2024-04-09,80.95
2024-04-10,80.32
2024-04-11,81.02
2024-04-12,79.69
2024-04-15,78.68
2024-04-16,78.42
2024-04-17,78.35
2024-04-18,78.73
2024-04-19,77.87
2024-04-22,77.98
2024-04-23,79.16
2024-04-24,79.21
2024-04-25,76.39
2024-04-26,78.5
2024-04-29,77.58
2024-04-30,76.29
2024-05-01,77.0
2024-05-02,77.77
2024-05-03,78.59
2024-05-06,79.66
2024-05-07,79.75
2024-05-08,79.62
2024-05-09,80.02
2024-05-10,80.14
2024-05-13,79.99
2024-05-14,80.36
2024-05-15,80.87
2024-05-16,80.81
2024-05-17,80.95
2024-05-20,81.18
2024-05-21,81.07
2024-05-22,81.17
2024-05-23,80.25
2024-05-24,81.28
2024-05-28,81.42
2024-05-29,80.98
2024-05-30,80.72
2024-05-31,81.58
2024-06-03,81.91
2024-06-04,82.22
2024-06-05,83.22
2024-06-06,83.27
2024-06-07,82.7
2024-06-10,82.9
2024-06-11,83.06
2024-06-12,82.89
2024-06-13,82.17
2024-06-14,82.43
2024-06-17,82.83
2024-06-18,82.34
2024-06-20,82.69
2024-06-21,83.23
2024-06-24,83.51
2024-06-25,84.44
2024-06-26,84.45
2024-06-27,84.93
2024-06-28,84.16
2024-07-01,83.8
2024-07-02,84.55
2024-07-03,84.58
2024-07-05,86.22
2024-07-08,85.44
2024-07-09,85.71
2024-07-10,86.25
2024-07-11,85.07
2024-07-12,84.79
2024-07-15,85.1
2024-07-16,85.32
2024-07-17,84.04
2024-07-18,83.99
2024-07-19,83.62
2024-07-22,83.97
2024-07-23,83.85
2024-07-24,81.66
2024-07-25,80.72
2024-07-26,82.23
2024-07-29,82.96
2024-07-30,83.29
2024-07-31,84.28
2024-08-01,84.63
2024-08-02,83.25
2024-08-05,80.86
2024-08-06,81.82
2024-08-07,81.39
2024-08-08,83.01
2024-08-09,83.71
2024-08-12,83.13
2024-08-13,84.21
2024-08-14,83.73
2024-08-15,84.49
2024-08-16,84.74
2024-08-19,85.71
2024-08-20,85.65
2024-08-21,86.01
2024-08-22,85.36
2024-08-23,85.96
2024-08-26,86.16
2024-08-27,85.96
2024-08-28,85.39
2024-08-29,85.22
2024-08-30,85.79
2024-09-03,84.21
2024-09-04,83.81
2024-09-05,84.06
2024-09-06,82.3
2024-09-09,82.65
2024-09-10,82.63
2024-09-11,82.98
2024-09-12,84.53
2024-09-13,85.34
2024-09-16,86.24
2024-09-17,86.24
2024-09-18,86.17
2024-09-19,87.34
2024-09-20,87.34
2024-09-23,87.53
2024-09-24,87.95
2024-09-25,87.67
2024-09-26,88.17
2024-09-27,88.7
2024-09-30,89.08
2024-10-01,89.15
2024-10-02,88.87
2024-10-03,88.57
2024-10-04,89.55
2024-10-07,88.35
2024-10-08,89.13
2024-10-09,89.16
2024-10-10,88.5
2024-10-11,89.11
2024-10-14,89.53
2024-10-15,89.72
2024-10-16,89.66
2024-10-17,89.24
2024-10-18,89.9
2024-10-21,89.54
2024-10-22,89.67
2024-10-23,88.99
2024-10-24,89.3
2024-10-25,89.53
2024-10-28,90.1
2024-10-29,90.94
2024-10-30,91.5
2024-10-31,90.7
2024-11-01,91.05
2024-11-04,90.75
2024-11-05,91.75
2024-11-06,94.01
2024-11-07,95.24
2024-11-08,94.78
2024-11-11,95.31
2024-11-12,95.74
2024-11-13,95.78
2024-11-14,95.67
2024-11-15,93.76
2024-11-18,94.69
2024-11-19,95.31
2024-11-20,95.92
2024-11-21,95.67
2024-11-22,95.47
2024-11-25,95.96
2024-11-26,96.31
2024-11-27,96.44
2024-11-29,96.97
2024-12-02,97.76
2024-12-03,98.55
2024-12-04,98.78
2024-12-05,98.55
2024-12-06,99.46
2024-12-09,97.34
2024-12-10,98.87
2024-12-11,100.48
2024-12-12,100.67
2024-12-13,99.47
2024-12-16,99.85
2024-12-17,99.1
2024-12-18,96.28
2024-12-19,96.01
2024-12-20,96.53
2024-12-23,97.06
2024-12-24,97.98
2024-12-26,97.85
2024-12-27,96.98
2024-12-30,95.96
2024-12-31,95.65
2025-01-02,96.11
2025-01-03,96.7
2025-01-06,97.75
2025-01-07,96.66
2025-01-08,96.09
2025-01-10,94.66
2025-01-13,94.7
2025-01-14,94.38
2025-01-15,95.93
2025-01-16,95.39
2025-01-17,96.22
2025-01-21,97.09
2025-01-22,98.06
2025-01-23,98.31
2025-01-24,99.2
2025-01-27,99.72
2025-01-28,100.2
2025-01-29,100.65
2025-01-30,100.74
2025-01-31,101.15
2025-02-03,101.37
2025-02-04,102.28
2025-02-05,101.29
2025-02-06,101.72
2025-02-07,101.51
2025-02-10,101.96
2025-02-11,102.13
2025-02-12,102.24
2025-02-13,103.41
2025-02-14,104.04
2025-02-18,103.56
2025-02-19,103.68
2025-02-20,103.19
2025-02-21,101.78
2025-02-24,101.98
2025-02-25,100.47
2025-02-26,100.29
2025-02-27,99.32
2025-02-28,100.77
2025-03-03,99.77
2025-03-04,98.98
2025-03-05,100.25
2025-03-06,98.45
2025-03-07,99.08
2025-03-10,96.61
2025-03-11,95.19
2025-03-12,95.67
2025-03-13,93.7
2025-03-14,95.42
2025-03-17,96.1
2025-03-18,94.76
2025-03-19,95.88
2025-03-20,95.68
2025-03-21,96.43
2025-03-24,97.79
2025-03-25,99.03
2025-03-26,98.19
2025-03-27,97.75
2025-03-28,94.87
2025-03-31,95.57
2025-04-01,95.63
2025-04-02,95.97
2025-04-03,91.69
2025-04-04,86.44
2025-04-07,86.56
2025-04-08,85.35
2025-04-09,92.89
2025-04-10,89.68
2025-04-11,90.44
2025-04-14,91.04
2025-04-15,91.27
2025-04-16,88.81
2025-04-17,89.39
2025-04-21,87.38
2025-04-22,89.66
2025-04-23,91.09
2025-04-24,92.92
2025-04-25,93.5
2025-04-28,93.86
2025-04-29,94.54
2025-04-30,94.57
2025-05-01,95.06
2025-05-02,96.53
2025-05-05,96.76
2025-05-06,96.74
2025-05-07,96.56
2025-05-08,96.79
2025-05-09,96.3
2025-05-12,98.3
2025-05-13,99.26
2025-05-14,99.77
2025-05-15,100.17
2025-05-16,100.85
2025-05-19,100.95
2025-05-20,100.71
2025-05-21,99.95
2025-05-22,99.73
2025-05-23,99.28
2025-05-27,100.89
2025-05-28,100.87
2025-05-29,100.06
2025-05-30,100.48
2025-06-02,100.97
2025-06-03,100.69
2025-06-04,101.33
2025-06-05,101.47
2025-06-06,102.77
2025-06-09,102.47
2025-06-10,103.77
2025-06-11,103.53
2025-06-12,102.69
2025-06-13,101.65
2025-06-16,103.39
2025-06-17,102.48
2025-06-18,102.53
2025-06-20,101.9
2025-06-23,103.19
2025-06-24,104.53
2025-06-25,104.51
2025-06-26,105.72
2025-06-27,106.96
2025-06-30,107.8
2025-07-01,107.04
2025-07-02,106.73
2025-07-03,107.32
2025-07-07,106.28
2025-07-08,106.07
2025-07-09,106.34
2025-07-10,105.99
2025-07-11,105.3
2025-07-14,106.33
2025-07-15,105.28
2025-07-16,105.6
2025-07-17,105.97
2025-07-18,105.48
2025-07-21,106.89
2025-07-22,107.14
2025-07-23,107.72
2025-07-24,107.9
2025-07-25,106.9
2025-07-28,106.32
2025-07-29,105.41
2025-07-30,105.74
2025-07-31,106.69
2025-08-01,105.41
2025-08-04,107.44
2025-08-05,106.6
2025-08-06,107.01
2025-08-07,106.55
2025-08-08,106.91
2025-08-11,107.46
2025-08-12,109.51
2025-08-13,110.37
2025-08-14,110.46
2025-08-15,110.73
2025-08-18,110.06
2025-08-19,109.44
2025-08-20,109.11
2025-08-21,109.0
2025-08-22,110.57
2025-08-25,110.74
2025-08-26,110.26
2025-08-27,110.45
2025-08-28,110.86
2025-08-29,110.64
2025-09-02,110.46
2025-09-03,112.3
2025-09-04,113.32
2025-09-05,113.92
2025-09-08,114.05
2025-09-09,114.7
2025-09-10,113.85
2025-09-11,115.6
2025-09-12,116.56
2025-09-15,118.2
2025-09-16,117.73
2025-09-17,118.03
2025-09-18,118.12
2025-09-19,118.61
2025-09-22,118.2
2025-09-23,118.03
2025-09-24,117.05
2025-09-25,116.65
2025-09-26,117.79
2025-09-29,118.17
2025-09-30,117.99
2025-10-01,116.33
2025-10-02,116.07
2025-10-03,116.01
2025-10-06,116.13
2025-10-07,115.69
2025-10-08,115.21
2025-10-09,114.55
2025-10-10,112.44
2025-10-13,113.47
2025-10-14,114.22
2025-10-15,115.03
2025-10-16,113.8
2025-10-17,114.57
2025-10-20,115.86
2025-10-21,116.27
2025-10-22,115.27
2025-10-23,114.88
2025-10-24,115.18
2025-10-27,116.78
2025-10-28,116.2
2025-10-29,115.91
2025-10-30,113.95
2025-10-31,114.44
2025-11-03,113.22
2025-11-04,112.45
2025-11-05,113.05
2025-11-06,112.04
2025-11-07,111.75
2025-11-10,112.91
2025-11-11,113.83
2025-11-12,113.17
2025-11-13,111.57
2025-11-14,110.97
2025-11-17,110.82
2025-11-18,111.45
2025-11-19,110.83
2025-11-20,109.62
2025-11-21,111.54
2025-11-24,112.65
2025-11-25,113.93
2025-11-26,114.09
2025-11-28,115.02
2025-12-01,114.48
2025-12-02,114.86
2025-12-03,114.76
2025-12-04,115.42
2025-12-05,116.75
2025-12-08,115.88
2025-12-09,116.01
2025-12-10,116.69
2025-12-11,116.43
2025-12-12,116.17
2025-12-15,116.19
2025-12-16,116.27
2025-12-17,115.44
2025-12-18,116.09
2025-12-19,116.14
2025-12-22,116.66
2025-12-23,117.39
2025-12-24,118.09
2025-12-26,117.97
2025-12-29,117.89
2025-12-30,118.29
2025-12-31,117.72
2026-01-02,116.9
2026-01-05,117.75
2026-01-06,117.33
2026-01-07,117.09
2026-01-08,117.48
2026-01-09,117.91
2026-01-12,117.55
2026-01-13,116.89
2026-01-14,116.64
2026-01-15,116.21
2026-01-16,115.17
2026-01-20,113.47
2026-01-21,114.63
2026-01-22,116.25
2026-01-23,116.96
2026-01-26,117.77
2026-01-27,116.9
2026-01-28,116.75
2026-01-29,119.79
2026-01-30,120.08
2026-02-02,119.67
2026-02-03,117.74
2026-02-04,116.8
2026-02-05,116.21
2026-02-06,115.76
2026-02-09,116.88
2026-02-10,117.58
2026-02-11,116.74
2026-02-12,114.64
2026-02-13,114.58
2026-02-17,114.4
2026-02-18,114.59
2026-02-19,115.14
2026-02-20,116.8
2026-02-23,115.36
2026-02-24,116.16
2026-02-25,116.5
2026-02-26,116.72
2026-02-27,118.05
2026-03-02,117.87
2026-03-03,117.96
2026-03-04,118.79
2026-03-05,118.44
2026-03-06,117.46
2026-03-09,117.56
2026-03-10,117.38
2026-03-11,117.0
2026-03-12,115.27
2026-03-13,114.45
2026-03-16,115.33
2026-03-17,115.37
2026-03-18,113.66
2026-03-19,113.14
2026-03-20,112.23
2026-03-23,112.71
2026-03-24,111.13
2026-03-25,111.44
2026-03-26,108.81
2026-03-27,107.04
2026-03-30,107.96
2026-03-31,110.86
2026-04-01,111.24
2026-04-02,111.7
2026-04-06,111.76
2026-04-07,111.82
2026-04-08,113.81
2026-04-09,114.27
2026-04-10,113.95
2026-04-13,114.82
2026-04-14,116.56
2026-04-15,117.36
2026-04-16,118.83
2026-04-17,119.1
2026-04-20,118.75
2026-04-21,117.16
2026-04-22,117.88
2026-04-23,117.39
2026-04-24,115.54
2026-04-27,115.81
2026-04-28,115.75
2026-04-29,115.29
2026-04-30,116.51
2026-05-01,116.72
2026-05-04,116.1
2026-05-05,115.63
2026-05-06,117.35
2026-05-07,117.38
2026-05-08,116.94
2026-05-11,115.58
2026-05-12,115.86
2026-05-13,116.76
2026-05-14,117.11
2026-05-15,116.08
2026-05-18,116.98
2026-05-19,115.85
2026-05-20,116.1
